American Folk Art Museum	/wiki/American_Folk_Art_Museum		45 West 53rd Street, between Fifth and Sixth Avenues, Manhattan, New York, USA	American Folk Art Museum		
Art in General	/wiki/Art_in_General	Art [1]	79 Walker Street (Tribeca/Lower Manhattan) New York, NY 10013 United States	Art in General		
Asia Society	/wiki/Asia_Society		725 Park Avenue (at 70th Street), Manhattan, New York, USA	AsiaSociety.org		
Asian American Arts Centre	/wiki/Asian_American_Arts_Centre					
Brooklyn Museum	/wiki/Brooklyn_Museum					
Bronx Museum of the Arts	/wiki/Bronx_Museum_of_the_Arts		1040 Grand Concourse, Bronx, New York, USA	www.bronxmuseum.org		
Chelsea Art Museum	/wiki/Chelsea_Art_Museum					
China Institute in America	/wiki/China_Institute_in_America					
Dahesh Museum of Art	/wiki/Dahesh_Museum_of_Art		Traveling Collection	Dahesh Museum of Art		
Dia Art Foundation	/wiki/Dia_Art_Foundation			http://www.diaart.org/		
The Drawing Center	/wiki/The_Drawing_Center	Art, Special Interest [1]	35 Wooster Street New York, NY United States 10013	The Drawing Center		
Fisher Landau Center	/wiki/Fisher_Landau_Center					
Forbes Galleries	/wiki/Forbes_Galleries					
Frick Collection	/wiki/Frick_Collection	Art [1]	1 East 70th Street New York, NY 10021 (United States)	The Frick Collection		
International Center of Photography	/wiki/International_Center_of_Photography		6th Avenue and 43rd Street, Manhattan, New York	International Center of Photography		
International Print Center New York	/wiki/International_Print_Center_New_York		526 West 26th Street, Manhattan, New York, USA	International Print Center New York		
Jacques Marchais Museum of Tibetan Art	/wiki/Jacques_Marchais_Museum_of_Tibetan_Art		338 Lighthouse Ave, Staten Island, New York, USA	Jacques Marchais Museum of Tibetan Art		
Japan Society	/wiki/Japan_Society_(New_York)	Educational	333 East 47th Street, New York, NY	http://www.japansociety.org/		
Korea Society	/wiki/Korea_Society					
Metropolitan Museum of Art	/wiki/Metropolitan_Museum_of_Art		5th Avenue and 82nd Street, Manhattan, New York	http://www.metmuseum.org/		
The Cloisters	/wiki/The_Cloisters	Medieval Art	Fort Tryon Park, Manhattan, New York City	http://www.metmuseum.org/cloisters/		
Municipal Art Society	/wiki/Municipal_Art_Society					
Museum for African Art	/wiki/Museum_for_African_Art					
Museum of Arts & Design	/wiki/Museum_of_Arts_%26_Design	Art museum	2 Columbus CircleNew York, NY, USA	http://www.madmuseum.org/		
Museum of Biblical Art	/wiki/Museum_of_Biblical_Art					
Museum of Comic and Cartoon Art	/wiki/Museum_of_Comic_and_Cartoon_Art					
Museum of Modern Art	/wiki/Museum_of_Modern_Art		11 West 53rd StreetNew York, NY 10019United States	www.moma.org		
Museum of the Moving Image	/wiki/Museum_of_the_Moving_Image_(New_York_City)		35 Avenue at 36 Street, Astoria, Queens, New York, USA	www.movingimage.us		
National Museum of Catholic Art and History	/wiki/National_Museum_of_Catholic_Art_and_History					
Neue Galerie	/wiki/Neue_Galerie		1048 5th Avenue and 86th Street, Manhattan, New York	Neue Galerie		
New Museum of Contemporary Art	/wiki/New_Museum_of_Contemporary_Art	Contemporary Art	235 BoweryManhattan, New York	New Museum		
New York Tattoo Museum	/wiki/New_York_Tattoo_Museum		203 Old Town Road, Staten Island, New York 10305, USA			
Nicholas Roerich Museum	/wiki/Nicholas_Roerich_Museum					
The Noguchi Museum	/wiki/Noguchi_Museum		32-37 Vernon Boulevard, Long Island City, Queens, New York	The Noguchi Museum		
P.S. 1 Contemporary Art Center	/wiki/P.S._1_Contemporary_Art_Center	Contemporary art	Long Island City, Queens in New York City	[1]		
Queens Museum of Art	/wiki/Queens_Museum_of_Art	Art museum[2]	Flushing Meadow-Corona Park Queens, NY 11368 (United States)	Queens Museum of Art		
Rubin Museum of Art	/wiki/Rubin_Museum_of_Art		150 West 17th StreetManhattan, New York City	Rubin Museum of Art		
SculptureCenter	/wiki/SculptureCenter					
Socrates Sculpture Park	/wiki/Socrates_Sculpture_Park					
Solomon R. Guggenheim Museum	/wiki/Solomon_R._Guggenheim_Museum	Art museum	Upper East Side, New York City, United States	Official Website		
Studio Museum in Harlem	/wiki/Studio_Museum_in_Harlem		144 West 125th Street, Harlem, New York City, New York, USA	http://www.studiomuseum.org		
Williamsburg Art & Historical Center	/wiki/Williamsburg_Art_%26_Historical_Center					
White Columns	/wiki/White_Columns					
Whitney Museum of American Art	/wiki/Whitney_Museum_of_American_Art					
American Museum of Natural History	/wiki/American_Museum_of_Natural_History	Natural History	Central Park West at 79th Street, New York City, United States	http://www.amnh.org		
Brooklyn Historical Society	/wiki/Brooklyn_Historical_Society					
Brooklyn Museum	/wiki/Brooklyn_Museum					
Casa Belvedere	/wiki/Casa_Belvedere					
China Institute in America	/wiki/China_Institute_in_America					
Conference House	/wiki/Conference_House					
Center for Jewish History	/wiki/Center_for_Jewish_History		15 West 16th Street, Manhattan, New York, USA	The Center of Jewish History		
Coney Island USA	/wiki/Coney_Island_USA					
Discovery Times Square Exposition	/wiki/Discovery_Times_Square_Exposition					
Dyckman House Museum	/wiki/Dyckman_House_Museum					
Fraunces Tavern Museum	/wiki/Fraunces_Tavern_Museum					
Greater Astoria Historical Society	/wiki/Greater_Astoria_Historical_Society	Historical society	Astoria, Queens	astorialic.org		
Harbor Defense Museum	/wiki/Harbor_Defense_Museum		Fort Hamilton, Bay Ridge, Brooklyn New York, USA	Harbor Defense Museum		
Hispanic Society of America	/wiki/Hispanic_Society_of_America					
Historic Richmond Town	/wiki/Historic_Richmond_Town					
Intrepid Sea-Air-Space Museum	/wiki/Intrepid_Sea-Air-Space_Museum		West Side Highway and 46th Street, Manhattan, New York	Intrepid Museum		
Jewish Museum (New York)	/wiki/Jewish_Museum_(New_York)		1109 5th Avenue at 92nd Street, Manhattan, New York	Jewish Museum		
Judaica Museum of the Hebrew Home for the Aged at Riverdale	/wiki/Judaica_Museum_of_the_Hebrew_Home_for_the_Aged_at_Riverdale					
Louis Armstrong House	/wiki/Louis_Armstrong_House					
Merchant's House Museum	/wiki/Merchant%27s_House_Museum					
El Museo del Barrio	/wiki/El_Museo_del_Barrio	Art, Cultural	1230 Fifth Avenue, East Harlem, New York, NY	http://www.elmuseo.org		
Ellis Island Immigration Museum	/wiki/Ellis_Island					
Madame Tussauds Wax Museum	/wiki/Madame_Tussauds					
Museum of American Finance	/wiki/Museum_of_American_Finance					
Museum of the City of New York	/wiki/Museum_of_the_City_of_New_York					
Museum of the Moving Image	/wiki/Museum_of_the_Moving_Image_(New_York_City)		35 Avenue at 36 Street, Astoria, Queens, New York, USA	www.movingimage.us		
Museum of Chinese in America	/wiki/Museum_of_Chinese_in_America	History museum	215 Centre Street New York, NY	Official Website		
Museum at Eldridge Street	/wiki/Museum_at_Eldridge_Street					
Museum of Jewish Heritage	/wiki/Museum_of_Jewish_Heritage	Holocaust museum, Jewish Museum	36 Battery Place, Battery Park City • New York, NY	mjhnyc.org		
Museum of Sex	/wiki/Museum_of_Sex		233 Fifth Avenue, Manhattan, New York City, New York, United States	http://museumofsex		
Museum of Television and Radio	/wiki/Museum_of_Television_and_Radio					
National Museum of the American Indian	/wiki/National_Museum_of_the_American_Indian		Fourth Street and Independence Avenue, Southwest, Washington D.C.	National Museum of the American Indian		
National Museum of Lesbian, Gay, Bisexual & Transgender History	/wiki/National_Museum_of_Lesbian,_Gay,_Bisexual_%26_Transgender_History					
Sports Museum of America	/wiki/Sports_Museum_of_America		26 Broadway, Manhattan, New York, USA	Sports Museum of America		
New York City Fire Museum	/wiki/New_York_City_Fire_Museum					
New York City Police Museum	/wiki/New_York_City_Police_Museum		100 Old Slip, Manhattan, New York City, New York, USA	www.nycpm.org		
New-York Historical Society	/wiki/New-York_Historical_Society					
New York Transit Museum	/wiki/New_York_Transit_Museum					
The Paley Center for Media	/wiki/The_Paley_Center_for_Media					
Queens County Farm Museum	/wiki/Queens_County_Farm_Museum					
Ripley's Believe It or Not!	/wiki/Ripley%27s_Believe_It_or_Not!					
Skyscraper Museum	/wiki/Skyscraper_Museum					
Sony Wonder Technology Lab	/wiki/Sony_Building_(New_York)		550 Madison AvenueNew York City, U.S.			
South Street Seaport Museum	/wiki/South_Street_Seaport_Museum					
Staten Island Institute of Arts & Sciences	/wiki/Staten_Island_Institute_of_Arts_%26_Sciences	General Interest Museum	75 Stuyvesant Place, Staten Island, New York, United States	www.statenislandmuseum.org		
Yeshiva University Museum	/wiki/Yeshiva_University_Museum					
Center for Architecture	/wiki/Center_for_Architecture					
Cooper-Hewitt, National Design Museum	/wiki/Cooper-Hewitt,_National_Design_Museum		2 East 91st Street at Fifth Avenue, Manhattan, New York	www.cooperhewitt.org		
Fashion Institute of Technology	/wiki/Fashion_Institute_of_Technology	Design/Textile Museum [25]	Seventh Avenue @ 27th StreetNew York, NY 10001 (United States)	Museum at FIT		
National Academy of Design	/wiki/National_Academy_of_Design					
Parsons The New School for Design	/wiki/Parsons_The_New_School_for_Design	Private	New York City, NY, USA	www.newschool.edu/parsons/		
American Museum of Natural History	/wiki/American_Museum_of_Natural_History	Natural History	Central Park West at 79th Street, New York City, United States	http://www.amnh.org		
Hayden Planetarium	/wiki/Hayden_Planetarium					
Bronx Zoo	/wiki/Bronx_Zoo		2300 Southern Boulevard, Bronx Park, Bronx, New York, 10460, USA	http://www.bronxzoo.com/		
Brooklyn Botanic Garden	/wiki/Brooklyn_Botanic_Garden		Brooklyn, New York, USA	http://www.bbg.org/		
Central Park Zoo	/wiki/Central_Park_Zoo		Central Park, New York City, New York, USA	centralparkzoo.com		
Jamaica Bay Wildlife Refuge	/wiki/Jamaica_Bay_Wildlife_Refuge		New York City			
New York Aquarium	/wiki/New_York_Aquarium		Coney Island, New York City, New York, USA	http://www.nyaquarium.com/		
New York Botanical Garden	/wiki/New_York_Botanical_Garden					
New York Hall of Science	/wiki/New_York_Hall_of_Science		Flushing Meadows–Corona Park, Queens USA	New York Hall of Science		
Prospect Park Zoo	/wiki/Prospect_Park_Zoo		450 Flatbush Avenue, Brooklyn, New York, USA 11225, in Prospect Park	http://www.prospectparkzoo.com/		
Queens Botanical Garden	/wiki/Queens_Botanical_Garden					
Queens Zoo	/wiki/Queens_Zoo		Queens, New York City, New York, USA	http://www.queenszoo.com/		
Staten Island Zoo	/wiki/Staten_Island_Zoo		Staten Island, New York City, New York, USA	http://www.statenislandzoo.org/		
Staten Island Botanical Garden	/wiki/Staten_Island_Botanical_Garden					
The New York Chinese Scholar's Garden	/wiki/The_New_York_Chinese_Scholar%27s_Garden					
Wave Hill	/wiki/Wave_Hill_(New_York)					
Brooklyn Children's Museum	/wiki/Brooklyn_Children%27s_Museum		145 Brooklyn Avenue, Brooklyn, New York, USA	Brooklyn Children's Museum		
Children's Museum of the Arts	/wiki/Children%27s_Museum_of_the_Arts		182 Lafayette Street, Manhattan, New York, USA	cmany.org		
Children's Museum of Manhattan	/wiki/Children%27s_Museum_of_Manhattan		212 West 83rd Street, Manhattan, New York, USA	Children's Museum of Manhattan		
Jewish Children's Museum	/wiki/Jewish_Children%27s_Museum					
Staten Island Children's Museum	/wiki/Staten_Island_Children%27s_Museum		1000 Richmond Terrace, Staten Island, New York, USA	Staten Island Children's Museum		
